"","time","mean","merr","group","feature"
"1",6,2.71944843864956,0.617408378627114,"PTB","Contrast 1"
"2",6,2.71944843864956,0.617408378627114,"PTB","Contrast 1"
"3",7,2.70492534527557,0.585237287342034,"PTB","Contrast 1"
"4",8,2.68427706958859,0.557356328317581,"PTB","Contrast 1"
"5",8,2.68427706958859,0.557356328317581,"PTB","Contrast 1"
"6",8,2.68427706958859,0.557356328317581,"PTB","Contrast 1"
"7",8,2.68427706958859,0.557356328317581,"PTB","Contrast 1"
"8",9,2.65673621859107,0.533181978561767,"PTB","Contrast 1"
"9",9,2.65673621859107,0.533181978561767,"PTB","Contrast 1"
"10",11,2.57817131171235,0.493988682104824,"PTB","Contrast 1"
"11",12,2.52601018302397,0.478127671500961,"PTB","Contrast 1"
"12",12,2.52601018302397,0.478127671500961,"PTB","Contrast 1"
"13",12,2.52601018302397,0.478127671500961,"PTB","Contrast 1"
"14",12,2.52601018302397,0.478127671500961,"PTB","Contrast 1"
"15",12,2.52601018302397,0.478127671500961,"PTB","Contrast 1"
"16",12,2.52601018302397,0.478127671500961,"PTB","Contrast 1"
"17",12,2.52601018302397,0.478127671500961,"PTB","Contrast 1"
"18",12,2.52601018302397,0.478127671500961,"PTB","Contrast 1"
"19",13,2.46478951969724,0.464266843512525,"PTB","Contrast 1"
"20",13,2.46478951969724,0.464266843512525,"PTB","Contrast 1"
"21",13,2.46478951969724,0.464266843512525,"PTB","Contrast 1"
"22",14,2.39445570694914,0.452080634846157,"PTB","Contrast 1"
"23",14,2.39445570694914,0.452080634846157,"PTB","Contrast 1"
"24",14,2.39445570694914,0.452080634846157,"PTB","Contrast 1"
"25",14,2.39445570694914,0.452080634846157,"PTB","Contrast 1"
"26",15,2.31526546909454,0.441272644051504,"PTB","Contrast 1"
"27",15,2.31526546909454,0.441272644051504,"PTB","Contrast 1"
"28",15,2.31526546909454,0.441272644051504,"PTB","Contrast 1"
"29",16,2.22783166885066,0.431575519669593,"PTB","Contrast 1"
"30",16,2.22783166885066,0.431575519669593,"PTB","Contrast 1"
"31",16,2.22783166885066,0.431575519669593,"PTB","Contrast 1"
"32",17,2.13314843037283,0.422753645325495,"PTB","Contrast 1"
"33",17,2.13314843037283,0.422753645325495,"PTB","Contrast 1"
"34",18,2.03258640653705,0.414607883429871,"PTB","Contrast 1"
"35",18,2.03258640653705,0.414607883429871,"PTB","Contrast 1"
"36",18,2.03258640653705,0.414607883429871,"PTB","Contrast 1"
"37",18,2.03258640653705,0.414607883429871,"PTB","Contrast 1"
"38",18,2.03258640653705,0.414607883429871,"PTB","Contrast 1"
"39",19,1.92785159320466,0.406981210695042,"PTB","Contrast 1"
"40",19,1.92785159320466,0.406981210695042,"PTB","Contrast 1"
"41",19,1.92785159320466,0.406981210695042,"PTB","Contrast 1"
"42",19,1.92785159320466,0.406981210695042,"PTB","Contrast 1"
"43",20,1.82090605204726,0.399763777768723,"PTB","Contrast 1"
"44",20,1.82090605204726,0.399763777768723,"PTB","Contrast 1"
"45",20,1.82090605204726,0.399763777768723,"PTB","Contrast 1"
"46",20,1.82090605204726,0.399763777768723,"PTB","Contrast 1"
"47",20,1.82090605204726,0.399763777768723,"PTB","Contrast 1"
"48",21,1.71385553029326,0.392895910013705,"PTB","Contrast 1"
"49",21,1.71385553029326,0.392895910013705,"PTB","Contrast 1"
"50",21,1.71385553029326,0.392895910013705,"PTB","Contrast 1"
"51",21,1.71385553029326,0.392895910013705,"PTB","Contrast 1"
"52",22,1.6088157318465,0.386367924988418,"PTB","Contrast 1"
"53",22,1.6088157318465,0.386367924988418,"PTB","Contrast 1"
"54",22,1.6088157318465,0.386367924988418,"PTB","Contrast 1"
"55",22,1.6088157318465,0.386367924988418,"PTB","Contrast 1"
"56",23,1.50777395964176,0.380216330699679,"PTB","Contrast 1"
"57",24,1.41246438639314,0.374516804537388,"PTB","Contrast 1"
"58",25,1.32427271322809,0.369375080359195,"PTB","Contrast 1"
"59",25,1.32427271322809,0.369375080359195,"PTB","Contrast 1"
"60",26,1.24418015880562,0.364917272014324,"PTB","Contrast 1"
"61",26,1.24418015880562,0.364917272014324,"PTB","Contrast 1"
"62",26,1.24418015880562,0.364917272014324,"PTB","Contrast 1"
"63",26,1.24418015880562,0.364917272014324,"PTB","Contrast 1"
"64",27,1.17274933245801,0.36128114757325,"PTB","Contrast 1"
"65",27,1.17274933245801,0.36128114757325,"PTB","Contrast 1"
"66",27,1.17274933245801,0.36128114757325,"PTB","Contrast 1"
"67",27,1.17274933245801,0.36128114757325,"PTB","Contrast 1"
"68",27,1.17274933245801,0.36128114757325,"PTB","Contrast 1"
"69",28,1.11014763463947,0.358609506622793,"PTB","Contrast 1"
"70",28,1.11014763463947,0.358609506622793,"PTB","Contrast 1"
"71",28,1.11014763463947,0.358609506622793,"PTB","Contrast 1"
"72",28,1.11014763463947,0.358609506622793,"PTB","Contrast 1"
"73",28,1.11014763463947,0.358609506622793,"PTB","Contrast 1"
"74",28,1.11014763463947,0.358609506622793,"PTB","Contrast 1"
"75",28,1.11014763463947,0.358609506622793,"PTB","Contrast 1"
"76",28,1.11014763463947,0.358609506622793,"PTB","Contrast 1"
"77",29,1.05619898199624,0.357046274843315,"PTB","Contrast 1"
"78",29,1.05619898199624,0.357046274843315,"PTB","Contrast 1"
"79",29,1.05619898199624,0.357046274843315,"PTB","Contrast 1"
"80",29,1.05619898199624,0.357046274843315,"PTB","Contrast 1"
"81",29,1.05619898199624,0.357046274843315,"PTB","Contrast 1"
"82",29,1.05619898199624,0.357046274843315,"PTB","Contrast 1"
"83",29,1.05619898199624,0.357046274843315,"PTB","Contrast 1"
"84",29,1.05619898199624,0.357046274843315,"PTB","Contrast 1"
"85",30,1.01045254718151,0.356735404859149,"PTB","Contrast 1"
"86",30,1.01045254718151,0.356735404859149,"PTB","Contrast 1"
"87",30,1.01045254718151,0.356735404859149,"PTB","Contrast 1"
"88",30,1.01045254718151,0.356735404859149,"PTB","Contrast 1"
"89",30,1.01045254718151,0.356735404859149,"PTB","Contrast 1"
"90",31,0.972257604593812,0.357822293782697,"PTB","Contrast 1"
"91",31,0.972257604593812,0.357822293782697,"PTB","Contrast 1"
"92",31,0.972257604593812,0.357822293782697,"PTB","Contrast 1"
"93",31,0.972257604593812,0.357822293782697,"PTB","Contrast 1"
"94",31,0.972257604593812,0.357822293782697,"PTB","Contrast 1"
"95",32,0.940835679068803,0.360457245609726,"PTB","Contrast 1"
"96",32,0.940835679068803,0.360457245609726,"PTB","Contrast 1"
"97",32,0.940835679068803,0.360457245609726,"PTB","Contrast 1"
"98",32,0.940835679068803,0.360457245609726,"PTB","Contrast 1"
"99",33,0.915344049625581,0.36480049982876,"PTB","Contrast 1"
"100",33,0.915344049625581,0.36480049982876,"PTB","Contrast 1"
"101",33,0.915344049625581,0.36480049982876,"PTB","Contrast 1"
"102",33,0.915344049625581,0.36480049982876,"PTB","Contrast 1"
"103",33,0.915344049625581,0.36480049982876,"PTB","Contrast 1"
"104",33,0.915344049625581,0.36480049982876,"PTB","Contrast 1"
"105",34,0.894927474633547,0.371028459194666,"PTB","Contrast 1"
"106",34,0.894927474633547,0.371028459194666,"PTB","Contrast 1"
"107",34,0.894927474633547,0.371028459194666,"PTB","Contrast 1"
"108",34,0.894927474633547,0.371028459194666,"PTB","Contrast 1"
"109",35,0.8787572951542,0.379340918923209,"PTB","Contrast 1"
"110",35,0.8787572951542,0.379340918923209,"PTB","Contrast 1"
"111",35,0.8787572951542,0.379340918923209,"PTB","Contrast 1"
"112",35,0.8787572951542,0.379340918923209,"PTB","Contrast 1"
"113",35,0.8787572951542,0.379340918923209,"PTB","Contrast 1"
"114",35,0.8787572951542,0.379340918923209,"PTB","Contrast 1"
"115",35,0.8787572951542,0.379340918923209,"PTB","Contrast 1"
"116",35,0.8787572951542,0.379340918923209,"PTB","Contrast 1"
"117",36,0.866058656118792,0.389969281798124,"PTB","Contrast 1"
"118",36,0.866058656118792,0.389969281798124,"PTB","Contrast 1"
"119",36,0.866058656118792,0.389969281798124,"PTB","Contrast 1"
"120",36,0.866058656118792,0.389969281798124,"PTB","Contrast 1"
"121",36,0.866058656118792,0.389969281798124,"PTB","Contrast 1"
"122",36,0.866058656118792,0.389969281798124,"PTB","Contrast 1"
"123",36,0.866058656118792,0.389969281798124,"PTB","Contrast 1"
"124",36,0.866058656118792,0.389969281798124,"PTB","Contrast 1"
"125",36,0.866058656118792,0.389969281798124,"PTB","Contrast 1"
"126",36,0.866058656118792,0.389969281798124,"PTB","Contrast 1"
"127",4,-0.729063163812971,0.491893882661191,"TB","Contrast 1"
"128",4,-0.729063163812971,0.491893882661191,"TB","Contrast 1"
"129",5,-0.739818131042449,0.458652328557766,"TB","Contrast 1"
"130",5,-0.739818131042449,0.458652328557766,"TB","Contrast 1"
"131",7,-0.76037462193615,0.403851463493711,"TB","Contrast 1"
"132",7,-0.76037462193615,0.403851463493711,"TB","Contrast 1"
"133",7,-0.76037462193615,0.403851463493711,"TB","Contrast 1"
"134",7,-0.76037462193615,0.403851463493711,"TB","Contrast 1"
"135",7,-0.76037462193615,0.403851463493711,"TB","Contrast 1"
"136",7,-0.76037462193615,0.403851463493711,"TB","Contrast 1"
"137",8,-0.769490551609635,0.381269532814997,"TB","Contrast 1"
"138",8,-0.769490551609635,0.381269532814997,"TB","Contrast 1"
"139",8,-0.769490551609635,0.381269532814997,"TB","Contrast 1"
"140",8,-0.769490551609635,0.381269532814997,"TB","Contrast 1"
"141",8,-0.769490551609635,0.381269532814997,"TB","Contrast 1"
"142",9,-0.777399373416027,0.361352278192498,"TB","Contrast 1"
"143",9,-0.777399373416027,0.361352278192498,"TB","Contrast 1"
"144",9,-0.777399373416027,0.361352278192498,"TB","Contrast 1"
"145",9,-0.777399373416027,0.361352278192498,"TB","Contrast 1"
"146",9,-0.777399373416027,0.361352278192498,"TB","Contrast 1"
"147",9,-0.777399373416027,0.361352278192498,"TB","Contrast 1"
"148",10,-0.783809937672387,0.343769177557324,"TB","Contrast 1"
"149",10,-0.783809937672387,0.343769177557324,"TB","Contrast 1"
"150",10,-0.783809937672387,0.343769177557324,"TB","Contrast 1"
"151",10,-0.783809937672387,0.343769177557324,"TB","Contrast 1"
"152",10,-0.783809937672387,0.343769177557324,"TB","Contrast 1"
"153",10,-0.783809937672387,0.343769177557324,"TB","Contrast 1"
"154",11,-0.788469447581059,0.328241087231246,"TB","Contrast 1"
"155",11,-0.788469447581059,0.328241087231246,"TB","Contrast 1"
"156",11,-0.788469447581059,0.328241087231246,"TB","Contrast 1"
"157",11,-0.788469447581059,0.328241087231246,"TB","Contrast 1"
"158",11,-0.788469447581059,0.328241087231246,"TB","Contrast 1"
"159",11,-0.788469447581059,0.328241087231246,"TB","Contrast 1"
"160",11,-0.788469447581059,0.328241087231246,"TB","Contrast 1"
"161",11,-0.788469447581059,0.328241087231246,"TB","Contrast 1"
"162",11,-0.788469447581059,0.328241087231246,"TB","Contrast 1"
"163",11,-0.788469447581059,0.328241087231246,"TB","Contrast 1"
"164",11,-0.788469447581059,0.328241087231246,"TB","Contrast 1"
"165",11,-0.788469447581059,0.328241087231246,"TB","Contrast 1"
"166",11,-0.788469447581059,0.328241087231246,"TB","Contrast 1"
"167",11,-0.788469447581059,0.328241087231246,"TB","Contrast 1"
"168",11,-0.788469447581059,0.328241087231246,"TB","Contrast 1"
"169",12,-0.791173356988986,0.314531817949,"TB","Contrast 1"
"170",12,-0.791173356988986,0.314531817949,"TB","Contrast 1"
"171",12,-0.791173356988986,0.314531817949,"TB","Contrast 1"
"172",12,-0.791173356988986,0.314531817949,"TB","Contrast 1"
"173",12,-0.791173356988986,0.314531817949,"TB","Contrast 1"
"174",12,-0.791173356988986,0.314531817949,"TB","Contrast 1"
"175",13,-0.791774820470581,0.302441203410066,"TB","Contrast 1"
"176",13,-0.791774820470581,0.302441203410066,"TB","Contrast 1"
"177",13,-0.791774820470581,0.302441203410066,"TB","Contrast 1"
"178",13,-0.791774820470581,0.302441203410066,"TB","Contrast 1"
"179",13,-0.791774820470581,0.302441203410066,"TB","Contrast 1"
"180",13,-0.791774820470581,0.302441203410066,"TB","Contrast 1"
"181",13,-0.791774820470581,0.302441203410066,"TB","Contrast 1"
"182",14,-0.790193257464239,0.291799375368328,"TB","Contrast 1"
"183",14,-0.790193257464239,0.291799375368328,"TB","Contrast 1"
"184",14,-0.790193257464239,0.291799375368328,"TB","Contrast 1"
"185",14,-0.790193257464239,0.291799375368328,"TB","Contrast 1"
"186",14,-0.790193257464239,0.291799375368328,"TB","Contrast 1"
"187",14,-0.790193257464239,0.291799375368328,"TB","Contrast 1"
"188",14,-0.790193257464239,0.291799375368328,"TB","Contrast 1"
"189",14,-0.790193257464239,0.291799375368328,"TB","Contrast 1"
"190",14,-0.790193257464239,0.291799375368328,"TB","Contrast 1"
"191",14,-0.790193257464239,0.291799375368328,"TB","Contrast 1"
"192",15,-0.786421498709582,0.28246202268656,"TB","Contrast 1"
"193",15,-0.786421498709582,0.28246202268656,"TB","Contrast 1"
"194",15,-0.786421498709582,0.28246202268656,"TB","Contrast 1"
"195",15,-0.786421498709582,0.28246202268656,"TB","Contrast 1"
"196",15,-0.786421498709582,0.28246202268656,"TB","Contrast 1"
"197",15,-0.786421498709582,0.28246202268656,"TB","Contrast 1"
"198",15,-0.786421498709582,0.28246202268656,"TB","Contrast 1"
"199",15,-0.786421498709582,0.28246202268656,"TB","Contrast 1"
"200",15,-0.786421498709582,0.28246202268656,"TB","Contrast 1"
"201",15,-0.786421498709582,0.28246202268656,"TB","Contrast 1"
"202",15,-0.786421498709582,0.28246202268656,"TB","Contrast 1"
"203",15,-0.786421498709582,0.28246202268656,"TB","Contrast 1"
"204",15,-0.786421498709582,0.28246202268656,"TB","Contrast 1"
"205",15,-0.786421498709582,0.28246202268656,"TB","Contrast 1"
"206",15,-0.786421498709582,0.28246202268656,"TB","Contrast 1"
"207",16,-0.780530881761643,0.274306465623363,"TB","Contrast 1"
"208",16,-0.780530881761643,0.274306465623363,"TB","Contrast 1"
"209",16,-0.780530881761643,0.274306465623363,"TB","Contrast 1"
"210",16,-0.780530881761643,0.274306465623363,"TB","Contrast 1"
"211",16,-0.780530881761643,0.274306465623363,"TB","Contrast 1"
"212",16,-0.780530881761643,0.274306465623363,"TB","Contrast 1"
"213",16,-0.780530881761643,0.274306465623363,"TB","Contrast 1"
"214",16,-0.780530881761643,0.274306465623363,"TB","Contrast 1"
"215",16,-0.780530881761643,0.274306465623363,"TB","Contrast 1"
"216",16,-0.780530881761643,0.274306465623363,"TB","Contrast 1"
"217",17,-0.772673579013863,0.267228423660723,"TB","Contrast 1"
"218",17,-0.772673579013863,0.267228423660723,"TB","Contrast 1"
"219",17,-0.772673579013863,0.267228423660723,"TB","Contrast 1"
"220",17,-0.772673579013863,0.267228423660723,"TB","Contrast 1"
"221",17,-0.772673579013863,0.267228423660723,"TB","Contrast 1"
"222",18,-0.763081418571434,0.261139396211364,"TB","Contrast 1"
"223",18,-0.763081418571434,0.261139396211364,"TB","Contrast 1"
"224",18,-0.763081418571434,0.261139396211364,"TB","Contrast 1"
"225",18,-0.763081418571434,0.261139396211364,"TB","Contrast 1"
"226",18,-0.763081418571434,0.261139396211364,"TB","Contrast 1"
"227",18,-0.763081418571434,0.261139396211364,"TB","Contrast 1"
"228",18,-0.763081418571434,0.261139396211364,"TB","Contrast 1"
"229",18,-0.763081418571434,0.261139396211364,"TB","Contrast 1"
"230",18,-0.763081418571434,0.261139396211364,"TB","Contrast 1"
"231",18,-0.763081418571434,0.261139396211364,"TB","Contrast 1"
"232",18,-0.763081418571434,0.261139396211364,"TB","Contrast 1"
"233",18,-0.763081418571434,0.261139396211364,"TB","Contrast 1"
"234",18,-0.763081418571434,0.261139396211364,"TB","Contrast 1"
"235",18,-0.763081418571434,0.261139396211364,"TB","Contrast 1"
"236",18,-0.763081418571434,0.261139396211364,"TB","Contrast 1"
"237",18,-0.763081418571434,0.261139396211364,"TB","Contrast 1"
"238",19,-0.752060546860003,0.255964609126872,"TB","Contrast 1"
"239",19,-0.752060546860003,0.255964609126872,"TB","Contrast 1"
"240",19,-0.752060546860003,0.255964609126872,"TB","Contrast 1"
"241",19,-0.752060546860003,0.255964609126872,"TB","Contrast 1"
"242",19,-0.752060546860003,0.255964609126872,"TB","Contrast 1"
"243",19,-0.752060546860003,0.255964609126872,"TB","Contrast 1"
"244",19,-0.752060546860003,0.255964609126872,"TB","Contrast 1"
"245",19,-0.752060546860003,0.255964609126872,"TB","Contrast 1"
"246",19,-0.752060546860003,0.255964609126872,"TB","Contrast 1"
"247",19,-0.752060546860003,0.255964609126872,"TB","Contrast 1"
"248",19,-0.752060546860003,0.255964609126872,"TB","Contrast 1"
"249",19,-0.752060546860003,0.255964609126872,"TB","Contrast 1"
"250",19,-0.752060546860003,0.255964609126872,"TB","Contrast 1"
"251",19,-0.752060546860003,0.255964609126872,"TB","Contrast 1"
"252",19,-0.752060546860003,0.255964609126872,"TB","Contrast 1"
"253",20,-0.739981527175446,0.251641502762305,"TB","Contrast 1"
"254",20,-0.739981527175446,0.251641502762305,"TB","Contrast 1"
"255",20,-0.739981527175446,0.251641502762305,"TB","Contrast 1"
"256",20,-0.739981527175446,0.251641502762305,"TB","Contrast 1"
"257",20,-0.739981527175446,0.251641502762305,"TB","Contrast 1"
"258",20,-0.739981527175446,0.251641502762305,"TB","Contrast 1"
"259",20,-0.739981527175446,0.251641502762305,"TB","Contrast 1"
"260",20,-0.739981527175446,0.251641502762305,"TB","Contrast 1"
"261",20,-0.739981527175446,0.251641502762305,"TB","Contrast 1"
"262",20,-0.739981527175446,0.251641502762305,"TB","Contrast 1"
"263",20,-0.739981527175446,0.251641502762305,"TB","Contrast 1"
"264",20,-0.739981527175446,0.251641502762305,"TB","Contrast 1"
"265",20,-0.739981527175446,0.251641502762305,"TB","Contrast 1"
"266",20,-0.739981527175446,0.251641502762305,"TB","Contrast 1"
"267",20,-0.739981527175446,0.251641502762305,"TB","Contrast 1"
"268",20,-0.739981527175446,0.251641502762305,"TB","Contrast 1"
"269",20,-0.739981527175446,0.251641502762305,"TB","Contrast 1"
"270",20,-0.739981527175446,0.251641502762305,"TB","Contrast 1"
"271",20,-0.739981527175446,0.251641502762305,"TB","Contrast 1"
"272",20,-0.739981527175446,0.251641502762305,"TB","Contrast 1"
"273",20,-0.739981527175446,0.251641502762305,"TB","Contrast 1"
"274",20,-0.739981527175446,0.251641502762305,"TB","Contrast 1"
"275",21,-0.727264887422566,0.248118745634722,"TB","Contrast 1"
"276",21,-0.727264887422566,0.248118745634722,"TB","Contrast 1"
"277",21,-0.727264887422566,0.248118745634722,"TB","Contrast 1"
"278",21,-0.727264887422566,0.248118745634722,"TB","Contrast 1"
"279",21,-0.727264887422566,0.248118745634722,"TB","Contrast 1"
"280",21,-0.727264887422566,0.248118745634722,"TB","Contrast 1"
"281",21,-0.727264887422566,0.248118745634722,"TB","Contrast 1"
"282",21,-0.727264887422566,0.248118745634722,"TB","Contrast 1"
"283",21,-0.727264887422566,0.248118745634722,"TB","Contrast 1"
"284",21,-0.727264887422566,0.248118745634722,"TB","Contrast 1"
"285",21,-0.727264887422566,0.248118745634722,"TB","Contrast 1"
"286",22,-0.714362690779442,0.245355749386333,"TB","Contrast 1"
"287",22,-0.714362690779442,0.245355749386333,"TB","Contrast 1"
"288",22,-0.714362690779442,0.245355749386333,"TB","Contrast 1"
"289",22,-0.714362690779442,0.245355749386333,"TB","Contrast 1"
"290",22,-0.714362690779442,0.245355749386333,"TB","Contrast 1"
"291",22,-0.714362690779442,0.245355749386333,"TB","Contrast 1"
"292",22,-0.714362690779442,0.245355749386333,"TB","Contrast 1"
"293",22,-0.714362690779442,0.245355749386333,"TB","Contrast 1"
"294",22,-0.714362690779442,0.245355749386333,"TB","Contrast 1"
"295",23,-0.70173731459895,0.243322637915339,"TB","Contrast 1"
"296",23,-0.70173731459895,0.243322637915339,"TB","Contrast 1"
"297",23,-0.70173731459895,0.243322637915339,"TB","Contrast 1"
"298",23,-0.70173731459895,0.243322637915339,"TB","Contrast 1"
"299",23,-0.70173731459895,0.243322637915339,"TB","Contrast 1"
"300",23,-0.70173731459895,0.243322637915339,"TB","Contrast 1"
"301",24,-0.68983915031548,0.242000593587942,"TB","Contrast 1"
"302",24,-0.68983915031548,0.242000593587942,"TB","Contrast 1"
"303",24,-0.68983915031548,0.242000593587942,"TB","Contrast 1"
"304",24,-0.68983915031548,0.242000593587942,"TB","Contrast 1"
"305",24,-0.68983915031548,0.242000593587942,"TB","Contrast 1"
"306",24,-0.68983915031548,0.242000593587942,"TB","Contrast 1"
"307",24,-0.68983915031548,0.242000593587942,"TB","Contrast 1"
"308",24,-0.68983915031548,0.242000593587942,"TB","Contrast 1"
"309",24,-0.68983915031548,0.242000593587942,"TB","Contrast 1"
"310",24,-0.68983915031548,0.242000593587942,"TB","Contrast 1"
"311",24,-0.68983915031548,0.242000593587942,"TB","Contrast 1"
"312",24,-0.68983915031548,0.242000593587942,"TB","Contrast 1"
"313",24,-0.68983915031548,0.242000593587942,"TB","Contrast 1"
"314",25,-0.67908523744151,0.241382477931868,"TB","Contrast 1"
"315",25,-0.67908523744151,0.241382477931868,"TB","Contrast 1"
"316",25,-0.67908523744151,0.241382477931868,"TB","Contrast 1"
"317",25,-0.67908523744151,0.241382477931868,"TB","Contrast 1"
"318",25,-0.67908523744151,0.241382477931868,"TB","Contrast 1"
"319",25,-0.67908523744151,0.241382477931868,"TB","Contrast 1"
"320",25,-0.67908523744151,0.241382477931868,"TB","Contrast 1"
"321",26,-0.669840816768725,0.241473615087144,"TB","Contrast 1"
"322",26,-0.669840816768725,0.241473615087144,"TB","Contrast 1"
"323",26,-0.669840816768725,0.241473615087144,"TB","Contrast 1"
"324",26,-0.669840816768725,0.241473615087144,"TB","Contrast 1"
"325",26,-0.669840816768725,0.241473615087144,"TB","Contrast 1"
"326",26,-0.669840816768725,0.241473615087144,"TB","Contrast 1"
"327",26,-0.669840816768725,0.241473615087144,"TB","Contrast 1"
"328",26,-0.669840816768725,0.241473615087144,"TB","Contrast 1"
"329",27,-0.662405413625571,0.242292641194252,"TB","Contrast 1"
"330",27,-0.662405413625571,0.242292641194252,"TB","Contrast 1"
"331",27,-0.662405413625571,0.242292641194252,"TB","Contrast 1"
"332",27,-0.662405413625571,0.242292641194252,"TB","Contrast 1"
"333",27,-0.662405413625571,0.242292641194252,"TB","Contrast 1"
"334",27,-0.662405413625571,0.242292641194252,"TB","Contrast 1"
"335",27,-0.662405413625571,0.242292641194252,"TB","Contrast 1"
"336",27,-0.662405413625571,0.242292641194252,"TB","Contrast 1"
"337",27,-0.662405413625571,0.242292641194252,"TB","Contrast 1"
"338",28,-0.657004418912513,0.243872361830728,"TB","Contrast 1"
"339",28,-0.657004418912513,0.243872361830728,"TB","Contrast 1"
"340",28,-0.657004418912513,0.243872361830728,"TB","Contrast 1"
"341",28,-0.657004418912513,0.243872361830728,"TB","Contrast 1"
"342",28,-0.657004418912513,0.243872361830728,"TB","Contrast 1"
"343",28,-0.657004418912513,0.243872361830728,"TB","Contrast 1"
"344",28,-0.657004418912513,0.243872361830728,"TB","Contrast 1"
"345",28,-0.657004418912513,0.243872361830728,"TB","Contrast 1"
"346",28,-0.657004418912513,0.243872361830728,"TB","Contrast 1"
"347",28,-0.657004418912513,0.243872361830728,"TB","Contrast 1"
"348",28,-0.657004418912513,0.243872361830728,"TB","Contrast 1"
"349",28,-0.657004418912513,0.243872361830728,"TB","Contrast 1"
"350",28,-0.657004418912513,0.243872361830728,"TB","Contrast 1"
"351",28,-0.657004418912513,0.243872361830728,"TB","Contrast 1"
"352",28,-0.657004418912513,0.243872361830728,"TB","Contrast 1"
"353",28,-0.657004418912513,0.243872361830728,"TB","Contrast 1"
"354",28,-0.657004418912513,0.243872361830728,"TB","Contrast 1"
"355",28,-0.657004418912513,0.243872361830728,"TB","Contrast 1"
"356",28,-0.657004418912513,0.243872361830728,"TB","Contrast 1"
"357",28,-0.657004418912513,0.243872361830728,"TB","Contrast 1"
"358",29,-0.653786372140904,0.246260614861295,"TB","Contrast 1"
"359",29,-0.653786372140904,0.246260614861295,"TB","Contrast 1"
"360",29,-0.653786372140904,0.246260614861295,"TB","Contrast 1"
"361",29,-0.653786372140904,0.246260614861295,"TB","Contrast 1"
"362",29,-0.653786372140904,0.246260614861295,"TB","Contrast 1"
"363",29,-0.653786372140904,0.246260614861295,"TB","Contrast 1"
"364",29,-0.653786372140904,0.246260614861295,"TB","Contrast 1"
"365",29,-0.653786372140904,0.246260614861295,"TB","Contrast 1"
"366",29,-0.653786372140904,0.246260614861295,"TB","Contrast 1"
"367",29,-0.653786372140904,0.246260614861295,"TB","Contrast 1"
"368",29,-0.653786372140904,0.246260614861295,"TB","Contrast 1"
"369",29,-0.653786372140904,0.246260614861295,"TB","Contrast 1"
"370",29,-0.653786372140904,0.246260614861295,"TB","Contrast 1"
"371",29,-0.653786372140904,0.246260614861295,"TB","Contrast 1"
"372",29,-0.653786372140904,0.246260614861295,"TB","Contrast 1"
"373",29,-0.653786372140904,0.246260614861295,"TB","Contrast 1"
"374",29,-0.653786372140904,0.246260614861295,"TB","Contrast 1"
"375",29,-0.653786372140904,0.246260614861295,"TB","Contrast 1"
"376",29,-0.653786372140904,0.246260614861295,"TB","Contrast 1"
"377",30,-0.652825436020652,0.249521195539243,"TB","Contrast 1"
"378",30,-0.652825436020652,0.249521195539243,"TB","Contrast 1"
"379",30,-0.652825436020652,0.249521195539243,"TB","Contrast 1"
"380",30,-0.652825436020652,0.249521195539243,"TB","Contrast 1"
"381",30,-0.652825436020652,0.249521195539243,"TB","Contrast 1"
"382",30,-0.652825436020652,0.249521195539243,"TB","Contrast 1"
"383",30,-0.652825436020652,0.249521195539243,"TB","Contrast 1"
"384",30,-0.652825436020652,0.249521195539243,"TB","Contrast 1"
"385",30,-0.652825436020652,0.249521195539243,"TB","Contrast 1"
"386",30,-0.652825436020652,0.249521195539243,"TB","Contrast 1"
"387",30,-0.652825436020652,0.249521195539243,"TB","Contrast 1"
"388",30,-0.652825436020652,0.249521195539243,"TB","Contrast 1"
"389",30,-0.652825436020652,0.249521195539243,"TB","Contrast 1"
"390",30,-0.652825436020652,0.249521195539243,"TB","Contrast 1"
"391",30,-0.652825436020652,0.249521195539243,"TB","Contrast 1"
"392",30,-0.652825436020652,0.249521195539243,"TB","Contrast 1"
"393",31,-0.654128022607206,0.253734952781411,"TB","Contrast 1"
"394",31,-0.654128022607206,0.253734952781411,"TB","Contrast 1"
"395",31,-0.654128022607206,0.253734952781411,"TB","Contrast 1"
"396",31,-0.654128022607206,0.253734952781411,"TB","Contrast 1"
"397",31,-0.654128022607206,0.253734952781411,"TB","Contrast 1"
"398",31,-0.654128022607206,0.253734952781411,"TB","Contrast 1"
"399",31,-0.654128022607206,0.253734952781411,"TB","Contrast 1"
"400",31,-0.654128022607206,0.253734952781411,"TB","Contrast 1"
"401",31,-0.654128022607206,0.253734952781411,"TB","Contrast 1"
"402",31,-0.654128022607206,0.253734952781411,"TB","Contrast 1"
"403",31,-0.654128022607206,0.253734952781411,"TB","Contrast 1"
"404",32,-0.657642255568924,0.259001203213534,"TB","Contrast 1"
"405",32,-0.657642255568924,0.259001203213534,"TB","Contrast 1"
"406",32,-0.657642255568924,0.259001203213534,"TB","Contrast 1"
"407",32,-0.657642255568924,0.259001203213534,"TB","Contrast 1"
"408",32,-0.657642255568924,0.259001203213534,"TB","Contrast 1"
"409",32,-0.657642255568924,0.259001203213534,"TB","Contrast 1"
"410",32,-0.657642255568924,0.259001203213534,"TB","Contrast 1"
"411",32,-0.657642255568924,0.259001203213534,"TB","Contrast 1"
"412",32,-0.657642255568924,0.259001203213534,"TB","Contrast 1"
"413",32,-0.657642255568924,0.259001203213534,"TB","Contrast 1"
"414",32,-0.657642255568924,0.259001203213534,"TB","Contrast 1"
"415",32,-0.657642255568924,0.259001203213534,"TB","Contrast 1"
"416",32,-0.657642255568924,0.259001203213534,"TB","Contrast 1"
"417",32,-0.657642255568924,0.259001203213534,"TB","Contrast 1"
"418",32,-0.657642255568924,0.259001203213534,"TB","Contrast 1"
"419",32,-0.657642255568924,0.259001203213534,"TB","Contrast 1"
"420",32,-0.657642255568924,0.259001203213534,"TB","Contrast 1"
"421",32,-0.657642255568924,0.259001203213534,"TB","Contrast 1"
"422",33,-0.663268927790983,0.265439632071157,"TB","Contrast 1"
"423",33,-0.663268927790983,0.265439632071157,"TB","Contrast 1"
"424",33,-0.663268927790983,0.265439632071157,"TB","Contrast 1"
"425",33,-0.663268927790983,0.265439632071157,"TB","Contrast 1"
"426",33,-0.663268927790983,0.265439632071157,"TB","Contrast 1"
"427",33,-0.663268927790983,0.265439632071157,"TB","Contrast 1"
"428",33,-0.663268927790983,0.265439632071157,"TB","Contrast 1"
"429",33,-0.663268927790983,0.265439632071157,"TB","Contrast 1"
"430",33,-0.663268927790983,0.265439632071157,"TB","Contrast 1"
"431",33,-0.663268927790983,0.265439632071157,"TB","Contrast 1"
"432",34,-0.670872780310806,0.273192861947312,"TB","Contrast 1"
"433",34,-0.670872780310806,0.273192861947312,"TB","Contrast 1"
"434",34,-0.670872780310806,0.273192861947312,"TB","Contrast 1"
"435",34,-0.670872780310806,0.273192861947312,"TB","Contrast 1"
"436",34,-0.670872780310806,0.273192861947312,"TB","Contrast 1"
"437",34,-0.670872780310806,0.273192861947312,"TB","Contrast 1"
"438",34,-0.670872780310806,0.273192861947312,"TB","Contrast 1"
"439",34,-0.670872780310806,0.273192861947312,"TB","Contrast 1"
"440",34,-0.670872780310806,0.273192861947312,"TB","Contrast 1"
"441",34,-0.670872780310806,0.273192861947312,"TB","Contrast 1"
"442",34,-0.670872780310806,0.273192861947312,"TB","Contrast 1"
"443",34,-0.670872780310806,0.273192861947312,"TB","Contrast 1"
"444",34,-0.670872780310806,0.273192861947312,"TB","Contrast 1"
"445",35,-0.680293205484933,0.282429879354411,"TB","Contrast 1"
"446",35,-0.680293205484933,0.282429879354411,"TB","Contrast 1"
"447",35,-0.680293205484933,0.282429879354411,"TB","Contrast 1"
"448",35,-0.680293205484933,0.282429879354411,"TB","Contrast 1"
"449",35,-0.680293205484933,0.282429879354411,"TB","Contrast 1"
"450",35,-0.680293205484933,0.282429879354411,"TB","Contrast 1"
"451",35,-0.680293205484933,0.282429879354411,"TB","Contrast 1"
"452",35,-0.680293205484933,0.282429879354411,"TB","Contrast 1"
"453",35,-0.680293205484933,0.282429879354411,"TB","Contrast 1"
"454",35,-0.680293205484933,0.282429879354411,"TB","Contrast 1"
"455",35,-0.680293205484933,0.282429879354411,"TB","Contrast 1"
"456",35,-0.680293205484933,0.282429879354411,"TB","Contrast 1"
"457",35,-0.680293205484933,0.282429879354411,"TB","Contrast 1"
"458",35,-0.680293205484933,0.282429879354411,"TB","Contrast 1"
"459",35,-0.680293205484933,0.282429879354411,"TB","Contrast 1"
"460",36,-0.69135378576709,0.293350523388338,"TB","Contrast 1"
"461",36,-0.69135378576709,0.293350523388338,"TB","Contrast 1"
"462",36,-0.69135378576709,0.293350523388338,"TB","Contrast 1"
"463",36,-0.69135378576709,0.293350523388338,"TB","Contrast 1"
"464",36,-0.69135378576709,0.293350523388338,"TB","Contrast 1"
"465",36,-0.69135378576709,0.293350523388338,"TB","Contrast 1"
"466",36,-0.69135378576709,0.293350523388338,"TB","Contrast 1"
"467",36,-0.69135378576709,0.293350523388338,"TB","Contrast 1"
"468",36,-0.69135378576709,0.293350523388338,"TB","Contrast 1"
"469",36,-0.69135378576709,0.293350523388338,"TB","Contrast 1"
"470",36,-0.69135378576709,0.293350523388338,"TB","Contrast 1"
"471",36,-0.69135378576709,0.293350523388338,"TB","Contrast 1"
"472",36,-0.69135378576709,0.293350523388338,"TB","Contrast 1"
"473",36,-0.69135378576709,0.293350523388338,"TB","Contrast 1"
"474",36,-0.69135378576709,0.293350523388338,"TB","Contrast 1"
"475",36,-0.69135378576709,0.293350523388338,"TB","Contrast 1"
"476",36,-0.69135378576709,0.293350523388338,"TB","Contrast 1"
"477",36,-0.69135378576709,0.293350523388338,"TB","Contrast 1"
"478",36,-0.69135378576709,0.293350523388338,"TB","Contrast 1"
"479",36,-0.69135378576709,0.293350523388338,"TB","Contrast 1"
"480",36,-0.69135378576709,0.293350523388338,"TB","Contrast 1"
"481",36,-0.69135378576709,0.293350523388338,"TB","Contrast 1"
"482",36,-0.69135378576709,0.293350523388338,"TB","Contrast 1"
"483",36,-0.69135378576709,0.293350523388338,"TB","Contrast 1"
"484",36,-0.69135378576709,0.293350523388338,"TB","Contrast 1"
"485",36,-0.69135378576709,0.293350523388338,"TB","Contrast 1"
